Bank Transaction ID,Transaction Date,Posted Date,Description,Amount (USD),Currency,Bank Account
BF-202604-0043,2026-04-01,2026-04-01,ACH PARKSIDE COMMERCIAL MGMT RENT APR,-8200.0,USD,Operating Checking
BF-202604-0001,2026-04-02,2026-04-02,ACH CREDIT BLUEBIRD PROPERTY MANAGEMENT INV 4100,3425.0,USD,Operating Checking
BF-202604-0065,2026-04-02,2026-04-02,WIRE FROM MAYA PATEL OWNER CAPITAL,25000.0,USD,Operating Checking
BF-202604-0014,2026-04-03,2026-04-04,MOBILE DEPOSIT LIBERTY DAY SCHOOL JOB 4213,3150.0,USD,Operating Checking
BF-202604-0028,2026-04-03,2026-04-04,THE HOME DEPOT #1212 REF 401,-875.0,USD,Operating Checking
BF-202604-0002,2026-04-04,2026-04-05,MOBILE DEPOSIT NORTHSTAR DENTAL GROUP JOB 4201,3225.0,USD,Operating Checking
BF-202604-0019,2026-04-04,2026-04-05,ACH CREDIT GREENLINE FITNESS INSTALL 4500,8950.0,USD,Operating Checking
BF-202604-0015,2026-04-05,2026-04-05,CHECK DEP WEST END PHARMACY SERVICE 4214,1725.0,USD,Operating Checking
BF-202604-0025,2026-04-05,2026-04-05,ACH CREDIT METRO SELF STORAGE MAINT PLAN APR,900.0,USD,Operating Checking
BF-202604-0003,2026-04-06,2026-04-06,CHECK DEP HARBORVIEW APARTMENTS SERVICE 4202,2000.0,USD,Operating Checking
BF-202604-0029,2026-04-06,2026-04-07,LOWES.COM REF 402,-2200.0,USD,Operating Checking
BF-202604-0044,2026-04-06,2026-04-07,SHELL OIL 574221,-285.0,USD,Operating Checking
BF-202604-0016,2026-04-07,2026-04-08,ZELLE FROM BLUEBIRD PROPERTY MANAGEMENT REPAIR 4215,3150.0,USD,Operating Checking
BF-202604-0036,2026-04-07,2026-04-08,ACH APEX ELECTRICAL APR-01,-1850.0,USD,Operating Checking
BF-202604-0004,2026-04-08,2026-04-09,ZELLE FROM GREENLINE FITNESS REPAIR 4203,2300.0,USD,Operating Checking
BF-202604-0020,2026-04-08,2026-04-08,CHECK DEPOSIT OAK & STONE REALTY PROJECT 4501,9750.0,USD,Operating Checking
BF-202604-0048,2026-04-08,2026-04-08,INTUIT *QUICKBOOKS ONLINE,-150.0,USD,Operating Checking
BF-202604-0017,2026-04-09,2026-04-09,ACH CREDIT NORTHSTAR DENTAL GROUP INV 4116,1725.0,USD,Operating Checking
BF-202604-0030,2026-04-09,2026-04-10,FERGUSON.COM REF 403,-3150.0,USD,Operating Checking
BF-202604-0053,2026-04-09,2026-04-09,HISCOX BUSINESS INSURANCE APR,-1225.0,USD,Operating Checking
BF-202604-0005,2026-04-10,2026-04-10,ACH CREDIT OAK & STONE REALTY INV 4104,1475.0,USD,Operating Checking
BF-202604-0061,2026-04-10,2026-04-10,ONLINE TRANSFER TO TAX RESERVE TAX RESERVE TRANSFER APR-1,-5000.0,USD,Operating Checking
BF-202604-0018,2026-04-11,2026-04-12,MOBILE DEPOSIT HARBORVIEW APARTMENTS JOB 4217,2300.0,USD,Operating Checking
BF-202604-0051,2026-04-11,2026-04-12,GOOGLE ADS 5412,-1850.0,USD,Operating Checking
BF-202604-0006,2026-04-12,2026-04-13,MOBILE DEPOSIT RIVERSIDE PEDIATRICS JOB 4205,2900.0,USD,Operating Checking
BF-202604-0021,2026-04-12,2026-04-13,WIRE RIVERSIDE PEDIATRICS EQUIPMENT INSTALL 4502,10800.0,USD,Operating Checking
BF-202604-0031,2026-04-12,2026-04-13,WW GRAINGER 877-202-2594 REF 404,-2675.0,USD,Operating Checking
BF-202604-0037,2026-04-12,2026-04-13,RIVERA PLBG CO APR-02,-5100.0,USD,Operating Checking
BF-202604-0045,2026-04-12,2026-04-13,BP#98231 NEW YORK,-520.0,USD,Operating Checking
BF-202604-0054,2026-04-12,2026-04-13,CON EDISON AUTOPAY,-780.0,USD,Operating Checking
BF-202604-0007,2026-04-14,2026-04-14,CHECK DEP SUMMIT LEARNING CENTER SERVICE 4206,2300.0,USD,Operating Checking
BF-202604-0026,2026-04-14,2026-04-14,AUTO PAY PARKVIEW SENIOR LIVING SERVICE PLAN APR,1250.0,USD,Operating Checking
BF-202604-0032,2026-04-15,2026-04-16,SUPPLYHOUSE.COM REF 405,-1125.0,USD,Operating Checking
BF-202604-0041,2026-04-15,2026-04-15,ADP PAYROLL APR FIRST HALF,-12650.0,USD,Operating Checking
BF-202604-0049,2026-04-15,2026-04-15,GOOGLE WORKSPACE BRIGHTFIX,-420.0,USD,Operating Checking
BF-202604-0008,2026-04-16,2026-04-17,ZELLE FROM METRO SELF STORAGE REPAIR 4207,1950.0,USD,Operating Checking
BF-202604-0022,2026-04-16,2026-04-16,ACH CREDIT SUMMIT LEARNING CENTER INSTALL 4503,6500.0,USD,Operating Checking
BF-202604-0038,2026-04-17,2026-04-18,ACH NORTHLINE HVAC APR-03,-1850.0,USD,Operating Checking
BF-202604-0009,2026-04-18,2026-04-18,ACH CREDIT PARKVIEW SENIOR LIVING INV 4108,3200.0,USD,Operating Checking
BF-202604-0033,2026-04-18,2026-04-19,CES #NYC-14 REF 406,-875.0,USD,Operating Checking
BF-202604-0046,2026-04-18,2026-04-19,EXXONMOBIL 48122,-395.0,USD,Operating Checking
BF-202604-0056,2026-04-18,2026-04-19,ACH CLEARLEDGER CPA MONTHLY APR,-1650.0,USD,Operating Checking
BF-202604-0010,2026-04-20,2026-04-21,MOBILE DEPOSIT CEDAR GROVE MARKET JOB 4209,1975.0,USD,Operating Checking
BF-202604-0023,2026-04-20,2026-04-21,CHECK DEPOSIT METRO SELF STORAGE PROJECT 4504,9750.0,USD,Operating Checking
BF-202604-0058,2026-04-20,2026-04-21,STAPLES 001422 OFFICE SUPPLIES,-310.0,USD,Operating Checking
BF-202604-0034,2026-04-21,2026-04-22,ABC PLUMBING SUPPLY REF 407,-2675.0,USD,Operating Checking
BF-202604-0052,2026-04-21,2026-04-22,YELP ADVERTISING,-950.0,USD,Operating Checking
BF-202604-0011,2026-04-22,2026-04-22,CHECK DEP HUDSON VETERINARY CLINIC SERVICE 4210,1925.0,USD,Operating Checking
BF-202604-0039,2026-04-22,2026-04-23,PRECISION INSTALL SVCS APR-04,-2400.0,USD,Operating Checking
BF-202604-0050,2026-04-22,2026-04-22,SERVICETITAN SUBSCRIPTION,-875.0,USD,Operating Checking
BF-202604-0055,2026-04-22,2026-04-23,VERIZON BUSINESS AUTOPAY,-390.0,USD,Operating Checking
BF-202604-0027,2026-04-23,2026-04-23,ACH CREDIT CEDAR GROVE MARKET MAINT PLAN APR,1500.0,USD,Operating Checking
BF-202604-0059,2026-04-23,2026-04-24,FLEET AUTO CARE SERVICE VAN 2,-740.0,USD,Operating Checking
BF-202604-0012,2026-04-24,2026-04-25,ZELLE FROM EASTSIDE COMMUNITY CENTER REPAIR 4211,1500.0,USD,Operating Checking
BF-202604-0024,2026-04-24,2026-04-24,WIRE PARKVIEW SENIOR LIVING EQUIPMENT INSTALL 4505,7250.0,USD,Operating Checking
BF-202604-0035,2026-04-24,2026-04-25,HOMEDEPOT.COM 800-430-3376 REF 408,-1450.0,USD,Operating Checking
BF-202604-0047,2026-04-24,2026-04-25,SPEEDWAY 07119,-285.0,USD,Operating Checking
BF-202604-0063,2026-04-25,2026-04-25,ONLINE TRANSFER TO TAX RESERVE TAX RESERVE TRANSFER APR-2,-7000.0,USD,Operating Checking
BF-202604-0013,2026-04-26,2026-04-26,ACH CREDIT BEACON OFFICE SUITES INV 4112,2550.0,USD,Operating Checking
BF-202604-0060,2026-04-26,2026-04-26,ACH REFUND TO HARBORVIEW APARTMENTS JOB 4800,-1250.0,USD,Operating Checking
BF-202604-0040,2026-04-27,2026-04-28,ACH METRO HANDYMAN APR-05,-5100.0,USD,Operating Checking
BF-202604-0057,2026-04-28,2026-04-28,MONTHLY SERVICE FEE,-35.0,USD,Operating Checking
BF-202604-0042,2026-04-29,2026-04-29,ADP PAYROLL APR SECOND HALF,-13150.0,USD,Operating Checking
